<?xml version="1.0" encoding="UTF-8"?>
<project-private xmlns="http://www.netbeans.org/ns/project-private/1">
    <editor-bookmarks xmlns="http://www.netbeans.org/ns/editor-bookmarks/2" lastBookmarkId="0"/>
    <open-files xmlns="http://www.netbeans.org/ns/projectui-open-files/2">
        <group>
            <file>file:/C:/LapTrinh/MVC2SE1851/src/java/nguyentd/servlet/DeleteAccountServlet.java</file>
            <file>file:/C:/LapTrinh/MVC2SE1851/src/java/nguyentd/servlet/DispatchServlet.java</file>
            <file>file:/C:/LapTrinh/MVC2SE1851/src/java/nguyentd/servlet/SearchLastnameServlet.java</file>
            <file>file:/C:/LapTrinh/MVC2SE1851/web/META-INF/context.xml</file>
            <file>file:/C:/LapTrinh/MVC2SE1851/src/java/nguyentd/registration/RegistrationDAO.java</file>
            <file>file:/C:/LapTrinh/MVC2SE1851/src/java/nguyentd/servlet/LoginServlet.java</file>
            <file>file:/C:/LapTrinh/MVC2SE1851/web/search.html</file>
            <file>file:/C:/LapTrinh/MVC2SE1851/web/WEB-INF/errors.html</file>
            <file>file:/C:/LapTrinh/MVC2SE1851/web/WEB-INF/web.xml</file>
            <file>file:/C:/LapTrinh/MVC2SE1851/web/search.jsp</file>
            <file>file:/C:/LapTrinh/MVC2SE1851/src/java/nguyentd/util/DBHelper.java</file>
        </group>
    </open-files>
</project-private>
